appid,developer,release_day,release_month,release_year,genre,genre_code,price,total_reviews,positive_ratio,avg_playtime_mins,peak_players,metacritic_score,platforms,pt_hrs,lpeak,dev_titles
100005,Moonlight Games,6,Nov,2020,Strategy,3,40,562,82,470,462,71,1,4.7,6.14,101
100007,Redkite,19,Oct,2019,Action,1,40,966,93,652,318,96.7,1,6.52,5.76,101
100009,Redkite,9,Nov,2023,RPG,2,40,293,61,1068,203,85.3,1,10.68,5.31,101
100010,Irongate Studios,17,Dec,2019,Simulation,4,40,435,85,279,228,98.9,1,2.79,5.43,102
100011,Pixelforge,22,Jun,2023,Simulation,4,40,747,60,210,88,96.8,3,2.1,4.48,85
100012,Moonlight Games,30,Dec,2018,Puzzle,5,36.4,948,56,936,181,65.1,3,9.36,5.2,101
100016,Thunderbyte,14,Mar,2020,Simulation,4,40,135,83,581,79,40.3,1,5.81,4.37,107
100019,Redkite,22,Sep,2021,Action,1,40,624,87,969,147,85.6,1,9.69,4.99,101
100024,Redkite,4,Jan,2023,Puzzle,5,33.14,309,58,782,121,83.3,2,7.82,4.8,101
100026,Moonlight Games,19,Mar,2021,Action,1,40,405,94,286,155,66.5,3,2.86,5.04,101
100027,Redkite,4,May,2023,Action,1,37.6,866,63,277,181,47.6,1,2.77,5.2,101
100030,Thunderbyte,8,Jan,2024,Action,1,40,801,82,199,101,51.4,2,1.99,4.62,107
100031,Pixelforge,29,Nov,2020,Simulation,4,40,887,76,1203,520,98,2,12.03,6.25,85
100032,Crystaldawn,15,Aug,2018,Action,1,40,237,55,569,206,50.9,3,5.69,5.33,93
100034,Pixelforge,19,Jul,2019,Puzzle,5,40,675,61,618,303,61.2,3,6.18,5.71,85
100036,Redkite,29,Dec,2022,Action,1,40,335,83,899,408,57.9,1,8.99,6.01,101
100037,Crystaldawn,21,Apr,2024,RPG,2,40,690,66,1670,115,43.7,2,16.7,4.74,93
100040,Crystaldawn,17,Mar,2018,Puzzle,5,40,327,95,392,401,97.7,3,3.92,5.99,93
100041,Thunderbyte,10,Jan,2023,Simulation,4,40,258,85,305,252,42,3,3.05,5.53,107
100043,Irongate Studios,23,Nov,2024,Puzzle,5,38.02,330,89,1450,165,48.3,1,14.5,5.11,102
100044,Irongate Studios,10,Jan,2023,RPG,2,40,451,75,477,329,93.8,1,4.77,5.8,102
100048,Crystaldawn,27,Oct,2018,Action,1,29.49,311,84,1026,203,77.8,1,10.26,5.31,93
100049,Thunderbyte,7,Jun,2018,RPG,2,40,738,57,1177,515,73.8,2,11.77,6.24,107
100053,Irongate Studios,3,Jul,2021,Strategy,3,40,246,68,387,172,90.7,1,3.87,5.15,102
100055,Neon Arc,13,Jun,2024,RPG,2,40,498,71,202,214,77.6,1,2.02,5.37,77
100056,Thunderbyte,19,Oct,2023,Action,1,40,554,77,1174,81,44.5,1,11.74,4.39,107
100062,Crystaldawn,17,Dec,2019,Simulation,4,33.49,279,66,879,56,75.7,3,8.79,4.03,93
100064,Neon Arc,28,Dec,2021,Strategy,3,40,498,62,363,433,41,1,3.63,6.07,77
100070,Redkite,10,Apr,2019,Strategy,3,40,993,66,221,188,97.4,2,2.21,5.24,101
100077,Neon Arc,21,Jun,2020,Puzzle,5,27.1,300,59,502,155,59.3,3,5.02,5.04,77
100079,Pixelforge,11,Jul,2019,Strategy,3,40,140,75,782,152,92.8,2,7.82,5.02,85
100080,Moonlight Games,15,May,2021,Puzzle,5,30.09,326,52,311,218,66.5,1,3.11,5.38,101
100082,Thunderbyte,22,Oct,2020,Action,1,40,384,70,256,820,66.4,2,2.56,6.71,107
100083,Irongate Studios,17,Aug,2023,Action,1,40,242,57,290,343,86.4,2,2.9,5.84,102
100086,Irongate Studios,24,Jul,2022,RPG,2,40,245,97,619,229,68.6,3,6.19,5.43,102
100091,Redkite,3,Nov,2019,Action,1,37.55,481,53,457,135,43.8,2,4.57,4.91,101
100093,Pixelforge,12,Apr,2021,RPG,2,40,649,70,282,427,83.5,1,2.82,6.06,85
100094,Redkite,28,Dec,2021,Action,1,40,460,61,415,209,60.9,1,4.15,5.34,101
100098,Moonlight Games,18,Aug,2020,Simulation,4,40,432,62,696,175,69.4,2,6.96,5.16,101
100099,Redkite,2,Dec,2023,Action,1,40,1098,91,390,826,97.1,1,3.9,6.72,101
100100,Crystaldawn,9,Feb,2023,Action,1,40,385,79,343,475,44.2,3,3.43,6.16,93
100102,Neon Arc,1,Nov,2023,Simulation,4,30.41,285,74,869,209,86.2,2,8.69,5.34,77
100105,Thunderbyte,6,Sep,2019,Puzzle,5,37.43,686,57,730,410,71,1,7.3,6.02,107
100106,Thunderbyte,24,Aug,2022,RPG,2,40,842,70,682,299,50.7,1,6.82,5.7,107
100108,Thunderbyte,6,Aug,2023,Simulation,4,40,926,64,936,268,98.4,2,9.36,5.59,107
100110,Neon Arc,31,May,2020,RPG,2,40,458,59,546,139,96.6,3,5.46,4.93,77
100111,Moonlight Games,8,Mar,2022,Strategy,3,40,238,93,263,577,77.6,3,2.63,6.36,101
100112,Silverleaf,18,Apr,2018,RPG,2,40,495,96,713,435,76.7,1,7.13,6.08,86
100113,Crystaldawn,22,Apr,2023,Puzzle,5,40,354,58,458,323,80.5,3,4.58,5.78,93
100114,Silverleaf,28,Mar,2023,Action,1,40,971,60,681,204,96.5,1,6.81,5.32,86
100122,Silverleaf,7,Apr,2021,Simulation,4,40,599,99,304,606,92.1,1,3.04,6.41,86
100125,Crystaldawn,27,Apr,2020,Puzzle,5,40,933,83,190,165,60.1,1,1.9,5.11,93
100128,Thunderbyte,10,Dec,2020,RPG,2,40,605,89,139,382,73.7,2,1.39,5.95,107
100131,Neon Arc,26,Nov,2018,Puzzle,5,40,690,90,212,251,73.3,1,2.12,5.53,77
100132,Neon Arc,5,Sep,2021,Strategy,3,39.76,539,76,680,234,67.7,1,6.8,5.46,77
100136,Crystaldawn,16,May,2018,Puzzle,5,36.53,718,89,774,210,63.4,2,7.74,5.35,93
100137,Pixelforge,6,Jul,2021,Simulation,4,40,741,86,243,410,91.1,2,2.43,6.02,85
100138,Thunderbyte,14,Jan,2020,Action,1,32.48,330,64,358,255,90.7,1,3.58,5.54,107
100139,Thunderbyte,21,Jul,2024,Simulation,4,40,785,90,1019,205,71.4,2,10.19,5.32,107
100144,Thunderbyte,25,Mar,2024,Strategy,3,40,1001,54,756,283,68.5,2,7.56,5.65,107
100147,Moonlight Games,30,Jun,2018,Puzzle,5,40,333,53,395,139,92.3,3,3.95,4.93,101
100151,Redkite,27,Apr,2021,RPG,2,40,308,54,1416,119,73.9,1,14.16,4.78,101
100163,Thunderbyte,8,Jul,2021,Action,1,40,1149,70,863,383,90.8,2,8.63,5.95,107
100165,Irongate Studios,23,Sep,2023,Puzzle,5,40,442,95,704,70,41.5,3,7.04,4.25,102
100166,Irongate Studios,9,Jan,2021,Action,1,40,764,83,325,344,57.5,3,3.25,5.84,102
100168,Pixelforge,3,Aug,2021,Strategy,3,40,572,86,184,98,48.7,2,1.84,4.58,85
100174,Redkite,31,Mar,2021,Action,1,40,742,53,491,224,73.7,3,4.91,5.41,101
100176,Crystaldawn,21,Mar,2018,Simulation,4,40,960,63,99,315,68.7,2,0.99,5.75,93
100177,Crystaldawn,23,Jun,2020,Action,1,40,811,88,112,311,92.2,2,1.12,5.74,93
100179,Thunderbyte,17,Jul,2020,Puzzle,5,40,823,83,930,245,83.4,2,9.3,5.5,107
100180,Pixelforge,16,Nov,2023,Strategy,3,40,384,70,640,267,44.5,1,6.4,5.59,85
100184,Redkite,5,Dec,2018,Action,1,40,610,54,1440,828,82.1,2,14.4,6.72,101
100185,Redkite,17,Jan,2019,RPG,2,40,805,60,368,453,80.3,1,3.68,6.12,101
100186,Thunderbyte,5,Jul,2020,Action,1,40,986,68,961,122,79,1,9.61,4.8,107
100188,Crystaldawn,19,Nov,2018,Strategy,3,40,468,95,615,286,93.1,2,6.15,5.66,93
100189,Thunderbyte,19,Nov,2021,Strategy,3,40,492,50,499,477,98.3,1,4.99,6.17,107
100191,Crystaldawn,30,Aug,2019,Strategy,3,40,629,90,547,167,54.7,1,5.47,5.12,93
100192,Thunderbyte,12,Feb,2022,Action,1,40,275,91,217,446,46.1,3,2.17,6.1,107
100196,Moonlight Games,9,Mar,2024,Action,1,40,874,61,136,120,96.7,2,1.36,4.79,101
100198,Irongate Studios,8,Jan,2021,Simulation,4,39.1,485,54,1000,280,64.3,2,10,5.63,102
100199,Crystaldawn,29,Apr,2023,Simulation,4,40,262,70,640,392,67.2,1,6.4,5.97,93
100202,Crystaldawn,12,Jun,2019,Strategy,3,40,795,54,1162,666,94.7,1,11.62,6.5,93
100206,Irongate Studios,22,Nov,2022,RPG,2,40,347,55,636,381,65.2,3,6.36,5.94,102
100210,Pixelforge,21,Aug,2019,Simulation,4,40,244,80,672,349,46.9,2,6.72,5.86,85
100211,Thunderbyte,7,Feb,2024,Strategy,3,40,218,99,772,79,92.5,2,7.72,4.37,107
100212,Redkite,16,Oct,2023,Action,1,38.3,530,57,1554,142,76.1,1,15.54,4.96,101
100214,Neon Arc,9,Apr,2020,Action,1,40,1342,89,379,91,57.1,3,3.79,4.51,77
100217,Redkite,6,Feb,2019,Puzzle,5,31.05,311,86,807,316,74.3,2,8.07,5.76,101
100220,Redkite,12,Jan,2022,Action,1,40,468,69,270,556,88.6,3,2.7,6.32,101
100221,Neon Arc,8,May,2018,Action,1,37.82,265,51,1146,249,60,3,11.46,5.52,77
100222,Silverleaf,23,Feb,2018,RPG,2,40,455,73,738,109,52,3,7.38,4.69,86
100223,Thunderbyte,30,Oct,2019,Simulation,4,40,824,86,524,275,94.9,3,5.24,5.62,107
100224,Moonlight Games,29,Apr,2024,Puzzle,5,40,1185,98,977,100,85.9,3,9.77,4.61,101
100226,Thunderbyte,18,Jun,2024,Action,1,31.21,151,86,510,336,80.9,3,5.1,5.82,107
100227,Moonlight Games,12,Mar,2018,RPG,2,40,560,68,874,131,93.7,3,8.74,4.88,101
100234,Redkite,27,Jun,2018,Action,1,36.67,363,84,69,193,93.7,1,0.69,5.26,101
100235,Pixelforge,25,Apr,2019,Action,1,40,899,53,407,499,63,1,4.07,6.21,85
100237,Silverleaf,18,Jan,2020,Action,1,35.95,335,82,667,345,46.4,1,6.67,5.84,86
100241,Thunderbyte,26,Feb,2023,Strategy,3,40,594,56,1460,160,41.2,2,14.6,5.08,107
100242,Irongate Studios,17,Feb,2024,Action,1,29.51,265,80,866,429,70.6,1,8.66,6.06,102
100243,Crystaldawn,25,Feb,2018,RPG,2,40,419,82,249,142,46.5,1,2.49,4.96,93
100244,Irongate Studios,18,Aug,2023,Strategy,3,40,299,62,859,254,97.7,2,8.59,5.54,102
100247,Pixelforge,13,Dec,2022,Puzzle,5,40,736,71,855,334,73.9,1,8.55,5.81,85
100251,Thunderbyte,16,Sep,2023,Puzzle,5,40,515,54,481,192,97.8,1,4.81,5.26,107
100252,Pixelforge,9,Jan,2022,Action,1,40,346,93,1022,646,49.4,1,10.22,6.47,85
100253,Thunderbyte,13,Oct,2023,RPG,2,40,663,79,466,167,70.8,2,4.66,5.12,107
100256,Pixelforge,2,Dec,2020,Strategy,3,40,515,52,318,175,69.1,1,3.18,5.16,85
100260,Moonlight Games,15,Dec,2021,Puzzle,5,28.71,398,64,810,509,74,1,8.1,6.23,101
100264,Crystaldawn,29,Nov,2024,Strategy,3,40,397,86,530,267,62.4,3,5.3,5.59,93
100267,Moonlight Games,29,Oct,2019,Action,1,40,806,63,1468,326,44.7,3,14.68,5.79,101
100269,Pixelforge,26,Dec,2020,RPG,2,40,1089,66,188,493,43.1,2,1.88,6.2,85
100271,Pixelforge,25,Mar,2019,RPG,2,40,800,51,507,312,51.4,3,5.07,5.74,85
100273,Moonlight Games,20,Oct,2020,RPG,2,40,236,88,1351,157,59.6,1,13.51,5.06,101
100275,Redkite,3,Dec,2022,Action,1,40,954,59,1096,386,70.5,2,10.96,5.96,101
100278,Redkite,27,Jun,2019,RPG,2,40,505,72,954,367,87.2,2,9.54,5.91,101
100279,Redkite,21,May,2022,Action,1,36.07,521,54,661,106,91.9,2,6.61,4.66,101
100282,Silverleaf,13,Feb,2021,Puzzle,5,27.07,636,53,751,251,56.4,2,7.51,5.53,86
100283,Irongate Studios,15,Mar,2024,Action,1,40,503,83,478,238,53.7,3,4.78,5.47,102
100284,Pixelforge,9,Aug,2021,Action,1,35.39,1088,63,360,218,87.6,3,3.6,5.38,85
100290,Irongate Studios,14,Nov,2022,Action,1,40,920,74,283,380,92.4,3,2.83,5.94,102
100293,Irongate Studios,1,Aug,2019,Action,1,33.36,573,52,130,471,40.3,1,1.3,6.15,102
100296,Silverleaf,5,Jul,2023,RPG,2,40,575,65,512,571,66,1,5.12,6.35,86
100297,Silverleaf,15,Jan,2018,Action,1,40,1126,71,1018,553,52,1,10.18,6.32,86
100301,Thunderbyte,6,Mar,2019,RPG,2,40,704,59,249,192,74.5,2,2.49,5.26,107
100308,Neon Arc,23,Nov,2020,RPG,2,40,913,63,432,171,54.8,1,4.32,5.14,77
100309,Neon Arc,16,Apr,2024,Puzzle,5,32.18,683,98,249,65,64.7,1,2.49,4.17,77
100310,Thunderbyte,20,Aug,2021,Simulation,4,40,411,57,661,415,75.4,1,6.61,6.03,107
100311,Irongate Studios,16,Jul,2022,Action,1,40,830,79,376,420,66.3,2,3.76,6.04,102
100312,Pixelforge,20,Sep,2018,Strategy,3,37.72,326,67,856,371,80.8,1,8.56,5.92,85
100314,Irongate Studios,18,Jun,2021,RPG,2,40,308,65,604,447,47.2,1,6.04,6.1,102
100315,Moonlight Games,20,Jan,2019,Action,1,40,214,68,580,163,49.6,2,5.8,5.09,101
100317,Silverleaf,19,Mar,2019,Puzzle,5,40,1554,69,1462,378,40.8,2,14.62,5.93,86
100319,Crystaldawn,27,Apr,2019,RPG,2,40,413,77,449,511,100,3,4.49,6.24,93
100321,Moonlight Games,5,Aug,2020,RPG,2,40,600,81,451,342,89.4,2,4.51,5.83,101
100324,Crystaldawn,1,Jan,2018,Action,1,40,695,57,1297,945,96.1,3,12.97,6.85,93
100327,Redkite,8,Jul,2023,Simulation,4,40,262,76,139,222,83.2,2,1.39,5.4,101
100328,Irongate Studios,20,Oct,2021,RPG,2,40,734,75,1542,251,97.5,1,15.42,5.53,102
100332,Moonlight Games,17,Aug,2020,Strategy,3,40,470,75,215,383,72.4,1,2.15,5.95,101
100334,Pixelforge,2,May,2024,Action,1,32.52,431,87,329,273,42.2,2,3.29,5.61,85
100335,Redkite,17,Mar,2018,Simulation,4,40,248,78,959,206,60.8,2,9.59,5.33,101
100338,Neon Arc,29,May,2022,RPG,2,40,275,66,1029,170,65.7,2,10.29,5.14,77
100339,Crystaldawn,22,Feb,2023,RPG,2,40,201,89,154,213,44.2,2,1.54,5.36,93
100340,Moonlight Games,22,Jul,2019,Puzzle,5,40,240,83,1407,48,51,2,14.07,3.87,101
100342,Pixelforge,5,Aug,2023,Action,1,40,985,71,287,295,80.2,2,2.87,5.69,85
100344,Moonlight Games,2,Jan,2022,Action,1,40,326,88,855,280,56.8,3,8.55,5.63,101
100345,Pixelforge,24,Sep,2018,Simulation,4,40,1135,89,484,281,97.5,2,4.84,5.64,85
100346,Redkite,4,May,2024,RPG,2,40,745,87,228,240,64.9,2,2.28,5.48,101
100348,Pixelforge,3,Aug,2021,Action,1,40,808,95,668,82,70.5,2,6.68,4.41,85
100353,Thunderbyte,2,Nov,2024,Action,1,40,453,51,311,296,89.7,2,3.11,5.69,107
100356,Neon Arc,29,Apr,2020,Strategy,3,40,314,84,1060,407,51.7,1,10.6,6.01,77
100360,Neon Arc,17,Apr,2021,Action,1,40,651,96,803,58,92.1,3,8.03,4.06,77
100361,Neon Arc,9,Aug,2022,Puzzle,5,40,1556,85,464,697,66,2,4.64,6.55,77
100362,Neon Arc,23,Dec,2023,Action,1,40,727,57,200,124,72.4,3,2,4.82,77
100363,Neon Arc,14,Aug,2018,Strategy,3,24.77,354,61,1184,79,68.1,1,11.84,4.37,77
100366,Crystaldawn,13,Aug,2022,RPG,2,40,569,64,467,439,41.3,1,4.67,6.08,93
100371,Redkite,24,Apr,2023,RPG,2,40,142,76,445,309,58,2,4.45,5.73,101
100372,Silverleaf,30,Nov,2024,Strategy,3,40,512,58,705,467,69.5,2,7.05,6.15,86
100374,Pixelforge,18,Feb,2023,Simulation,4,40,303,56,729,254,56.8,1,7.29,5.54,85
100377,Moonlight Games,9,Jun,2022,Simulation,4,40,434,77,580,377,63.2,1,5.8,5.93,101
100382,Neon Arc,8,Jul,2019,Action,1,40,789,91,762,163,75.1,3,7.62,5.09,77
100384,Redkite,4,May,2024,Simulation,4,40,1174,57,213,444,49.8,2,2.13,6.1,101
100395,Pixelforge,24,Oct,2021,Action,1,40,445,75,468,659,73.4,1,4.68,6.49,85
100397,Silverleaf,27,Oct,2018,Action,1,40,770,65,129,128,46.7,2,1.29,4.85,86
100398,Moonlight Games,4,Oct,2019,Simulation,4,40,1125,90,2196,341,94.7,3,21.96,5.83,101
100399,Redkite,3,Nov,2024,Action,1,28.71,462,87,439,320,98.4,2,4.39,5.77,101
100402,Pixelforge,19,Apr,2020,RPG,2,40,987,65,735,213,63.2,2,7.35,5.36,85
100406,Thunderbyte,4,Oct,2023,Action,1,40,485,78,492,240,61,2,4.92,5.48,107
100411,Irongate Studios,26,Aug,2022,Simulation,4,27.65,628,59,682,224,62.7,1,6.82,5.41,102
100416,Irongate Studios,13,Sep,2021,RPG,2,40,521,90,500,453,44.2,2,5,6.12,102
100418,Moonlight Games,5,Jun,2020,Action,1,40,245,97,875,40,47.1,1,8.75,3.69,101
100420,Moonlight Games,11,Sep,2020,Action,1,29.49,968,79,252,400,61.2,1,2.52,5.99,101
100424,Neon Arc,4,Jul,2023,RPG,2,40,237,66,446,159,50.2,2,4.46,5.07,77
100426,Redkite,12,Apr,2021,Simulation,4,40,479,98,252,213,59.1,1,2.52,5.36,101
100429,Moonlight Games,30,Apr,2022,Action,1,40,909,82,755,221,48.6,1,7.55,5.4,101
100432,Irongate Studios,26,Jan,2022,Action,1,40,812,73,779,461,74.6,2,7.79,6.13,102
100442,Crystaldawn,22,Jan,2018,Puzzle,5,40,259,61,272,459,42.8,3,2.72,6.13,93
100444,Thunderbyte,13,Jan,2021,RPG,2,40,534,81,278,313,65.8,2,2.78,5.75,107
100446,Pixelforge,29,Oct,2018,RPG,2,40,733,92,575,497,65.9,1,5.75,6.21,85
100450,Moonlight Games,27,Jan,2023,Strategy,3,40,453,94,819,368,82.1,3,8.19,5.91,101
100451,Thunderbyte,22,Jun,2021,RPG,2,40,595,97,1289,282,79.3,2,12.89,5.64,107
100452,Redkite,21,Nov,2018,RPG,2,40,747,76,674,214,60.8,2,6.74,5.37,101
100459,Irongate Studios,18,Jan,2018,Puzzle,5,37.96,449,93,162,371,61,2,1.62,5.92,102
100463,Crystaldawn,30,Sep,2023,Action,1,40,638,91,247,359,80.2,3,2.47,5.88,93
100466,Crystaldawn,2,Nov,2023,Action,1,31.73,594,68,1746,598,68.6,1,17.46,6.39,93
100467,Silverleaf,29,Dec,2023,Strategy,3,40,238,53,178,196,78.3,2,1.78,5.28,86
100470,Thunderbyte,12,Feb,2018,Action,1,40,449,95,215,123,98.3,3,2.15,4.81,107
100471,Crystaldawn,18,Oct,2021,RPG,2,40,590,73,537,104,70.5,1,5.37,4.64,93
100472,Thunderbyte,29,Jan,2024,Puzzle,5,40,618,52,1046,228,81.3,2,10.46,5.43,107
100474,Thunderbyte,10,May,2022,Simulation,4,40,462,64,721,682,48.3,2,7.21,6.53,107
100476,Irongate Studios,15,Jun,2023,Simulation,4,40,1193,64,602,458,49,3,6.02,6.13,102
100481,Irongate Studios,8,Mar,2022,Puzzle,5,40,191,59,587,59,49.2,1,5.87,4.08,102
100482,Thunderbyte,29,May,2021,Simulation,4,40,542,98,425,767,61.5,2,4.25,6.64,107
100483,Silverleaf,21,Nov,2021,Action,1,40,947,84,550,82,56.1,3,5.5,4.41,86
100484,Neon Arc,10,Mar,2024,Strategy,3,40,267,96,642,109,81.2,2,6.42,4.69,77
100490,Pixelforge,11,Jan,2019,Action,1,40,656,68,645,198,98.6,3,6.45,5.29,85
100495,Silverleaf,21,Sep,2022,Strategy,3,40,276,82,288,179,65.9,1,2.88,5.19,86
100496,Pixelforge,15,Sep,2020,Action,1,32.13,570,50,674,243,66.1,1,6.74,5.49,85
100497,Redkite,25,Apr,2021,Action,1,40,778,100,501,90,48.5,2,5.01,4.5,101
100500,Crystaldawn,14,Apr,2023,Simulation,4,40,482,86,472,183,81.9,3,4.72,5.21,93
100502,Crystaldawn,20,Sep,2023,Simulation,4,40,380,81,777,330,83.2,1,7.77,5.8,93
100504,Redkite,28,Jun,2024,RPG,2,40,482,98,390,498,86.3,2,3.9,6.21,101
100506,Silverleaf,4,Jul,2022,Puzzle,5,40,776,80,475,123,94.6,1,4.75,4.81,86
100507,Irongate Studios,29,Jun,2022,Strategy,3,40,530,85,621,175,81.8,2,6.21,5.16,102
100509,Silverleaf,5,May,2020,Puzzle,5,38.84,737,90,243,177,77.7,1,2.43,5.18,86
100512,Pixelforge,5,Oct,2020,Simulation,4,40,695,97,415,626,77.1,1,4.15,6.44,85
100514,Moonlight Games,11,Dec,2019,Simulation,4,40,380,79,579,250,88.8,1,5.79,5.52,101
100518,Irongate Studios,11,Sep,2024,RPG,2,40,524,76,162,858,59.2,3,1.62,6.75,102
100522,Pixelforge,1,Jul,2018,RPG,2,40,1077,87,366,399,46.8,1,3.66,5.99,85
100523,Irongate Studios,2,Nov,2018,RPG,2,40,400,94,608,320,99.8,3,6.08,5.77,102
100524,Silverleaf,25,Jul,2023,Puzzle,5,34.48,352,77,371,287,96.4,1,3.71,5.66,86
100526,Crystaldawn,17,May,2022,Action,1,40,299,52,400,287,86.8,2,4,5.66,93
100532,Silverleaf,1,Aug,2019,Puzzle,5,39.55,327,92,368,431,85.7,1,3.68,6.07,86
100533,Crystaldawn,6,Aug,2018,Action,1,40,455,82,739,370,89.2,3,7.39,5.91,93
100535,Moonlight Games,21,Jul,2021,Action,1,35.97,559,85,452,199,87.3,3,4.52,5.29,101
100542,Neon Arc,17,Aug,2023,Simulation,4,40,555,71,1028,320,59.1,2,10.28,5.77,77
100543,Redkite,23,Feb,2019,Puzzle,5,31.89,401,64,483,333,67.4,2,4.83,5.81,101
100545,Neon Arc,21,Jan,2020,Simulation,4,40,373,93,437,457,42.3,2,4.37,6.12,77
100546,Crystaldawn,23,Jun,2023,RPG,2,40,799,62,762,482,50.4,1,7.62,6.18,93
100552,Thunderbyte,24,Mar,2021,Puzzle,5,40,176,81,258,351,79.4,3,2.58,5.86,107
100554,Moonlight Games,27,Oct,2022,Strategy,3,40,762,65,496,187,91.3,1,4.96,5.23,101
100555,Moonlight Games,10,Sep,2024,Action,1,40,404,50,345,482,47.4,3,3.45,6.18,101
100560,Thunderbyte,16,Mar,2024,RPG,2,40,786,91,580,235,44.6,2,5.8,5.46,107
100563,Irongate Studios,8,Dec,2021,Simulation,4,40,479,79,581,518,49.4,2,5.81,6.25,102
100566,Moonlight Games,10,Jan,2022,Simulation,4,40,530,79,191,93,68.3,3,1.91,4.53,101
100567,Moonlight Games,1,Oct,2021,Puzzle,5,40,440,94,577,267,86.1,1,5.77,5.59,101
100568,Neon Arc,24,Jan,2022,Puzzle,5,31.72,1335,69,378,175,56,1,3.78,5.16,77
100572,Pixelforge,9,Jan,2018,Simulation,4,40,1049,55,436,462,85.8,3,4.36,6.14,85
100573,Crystaldawn,22,Aug,2019,Puzzle,5,33.29,432,89,536,388,76.9,2,5.36,5.96,93
100577,Neon Arc,22,Sep,2019,Puzzle,5,36.16,231,89,383,84,81.7,1,3.83,4.43,77
100578,Moonlight Games,22,Aug,2023,Puzzle,5,40,473,96,354,210,62,3,3.54,5.35,101
100579,Moonlight Games,6,Jul,2024,Puzzle,5,31.9,837,61,636,220,41.6,2,6.36,5.39,101
100580,Irongate Studios,25,Sep,2021,Action,1,40,516,95,666,160,99.6,1,6.66,5.08,102
100581,Silverleaf,13,Jan,2024,Action,1,40,598,86,206,445,49.4,2,2.06,6.1,86
100583,Pixelforge,11,Jan,2024,Action,1,36.68,649,98,316,213,40.4,1,3.16,5.36,85
100590,Redkite,6,Apr,2020,Simulation,4,40,186,93,1045,96,45.4,1,10.45,4.56,101
100592,Silverleaf,29,Oct,2021,Strategy,3,40,727,79,811,490,88.2,1,8.11,6.19,86
100595,Moonlight Games,22,Jan,2018,Action,1,40,622,61,673,589,57.1,3,6.73,6.38,101
100600,Irongate Studios,16,Nov,2018,Action,1,40,223,56,467,113,87,3,4.67,4.73,102
100605,Neon Arc,27,Jul,2018,RPG,2,35.47,342,67,911,85,64.4,2,9.11,4.44,77
100616,Moonlight Games,18,Feb,2020,Puzzle,5,40,598,75,468,289,61.1,1,4.68,5.67,101
100621,Irongate Studios,11,Jun,2018,RPG,2,40,946,93,409,310,73.3,1,4.09,5.74,102
100622,Irongate Studios,10,Apr,2024,Simulation,4,40,925,87,348,366,73.9,1,3.48,5.9,102
100623,Thunderbyte,22,Dec,2018,Action,1,40,901,79,516,407,81.3,2,5.16,6.01,107
100624,Thunderbyte,14,Jan,2020,Action,1,35.37,557,84,537,220,54.9,1,5.37,5.39,107
100626,Neon Arc,27,Jun,2023,Strategy,3,40,788,97,188,514,72.8,3,1.88,6.24,77
100628,Silverleaf,1,May,2022,Strategy,3,40,677,99,727,346,49.4,2,7.27,5.85,86
100635,Redkite,10,Sep,2024,RPG,2,40,566,52,895,443,68.8,1,8.95,6.09,101
100639,Irongate Studios,16,Dec,2024,Action,1,29.5,507,52,1118,207,50.7,3,11.18,5.33,102
100642,Pixelforge,28,Mar,2018,RPG,2,40,383,73,394,239,86.5,2,3.94,5.48,85
100644,Thunderbyte,15,Dec,2023,Puzzle,5,40,940,75,176,80,56.1,2,1.76,4.38,107
100645,Thunderbyte,3,Aug,2022,RPG,2,40,1140,81,84,518,59.2,2,0.84,6.25,107
100650,Irongate Studios,28,Mar,2019,Puzzle,5,40,240,67,270,384,69.3,2,2.7,5.95,102
100652,Crystaldawn,31,Aug,2024,Puzzle,5,40,780,90,478,307,69.1,1,4.78,5.73,93
100657,Pixelforge,22,Jan,2018,RPG,2,40,752,55,417,201,90.3,2,4.17,5.3,85
100658,Crystaldawn,15,May,2022,Puzzle,5,40,432,88,322,482,61.4,3,3.22,6.18,93
100659,Moonlight Games,25,May,2024,Action,1,32.37,169,61,104,82,41.4,2,1.04,4.41,101
100662,Irongate Studios,8,May,2024,Puzzle,5,40,262,100,460,208,94.9,2,4.6,5.34,102
100664,Silverleaf,24,Jul,2021,Action,1,40,1455,86,591,407,51,3,5.91,6.01,86
100667,Irongate Studios,29,Nov,2018,Simulation,4,40,391,70,550,268,50.2,1,5.5,5.59,102
100668,Irongate Studios,2,Oct,2021,Simulation,4,40,319,98,234,865,76.7,1,2.34,6.76,102
100672,Moonlight Games,27,Jul,2019,Strategy,3,40,637,62,194,579,55.9,1,1.94,6.36,101
100674,Silverleaf,28,Oct,2020,RPG,2,40,603,61,628,276,86.8,2,6.28,5.62,86
100676,Thunderbyte,17,Jan,2020,Strategy,3,40,462,97,462,166,74.7,3,4.62,5.11,107
100678,Moonlight Games,30,May,2023,Strategy,3,40,399,87,541,195,62.2,1,5.41,5.27,101
100682,Redkite,9,May,2021,Simulation,4,40,341,93,537,349,62.4,3,5.37,5.86,101
100683,Thunderbyte,1,Dec,2021,RPG,2,40,590,81,390,134,93.3,2,3.9,4.9,107
100693,Thunderbyte,12,Apr,2023,Simulation,4,40,1185,55,622,206,72.2,3,6.22,5.33,107
100694,Moonlight Games,6,Nov,2022,Action,1,40,462,94,1438,285,55.2,2,14.38,5.65,101
100699,Pixelforge,13,Jul,2018,Strategy,3,40,747,58,264,214,82.3,3,2.64,5.37,85
100702,Crystaldawn,29,Jul,2020,Action,1,35.89,1177,88,470,168,80.3,1,4.7,5.12,93
100704,Thunderbyte,21,Jun,2018,Action,1,40,1766,62,607,557,95.6,1,6.07,6.32,107
100706,Moonlight Games,28,Apr,2023,Action,1,40,640,71,129,124,77.4,1,1.29,4.82,101
100708,Moonlight Games,11,Aug,2020,Action,1,40,503,61,1110,348,57.6,3,11.1,5.85,101
100709,Crystaldawn,6,Oct,2024,Action,1,40,394,89,319,143,88.3,2,3.19,4.96,93
100712,Moonlight Games,24,Nov,2024,Action,1,40,457,53,1067,238,61.4,3,10.67,5.47,101
100716,Irongate Studios,13,Jun,2021,Action,1,27.38,230,89,681,243,75.5,1,6.81,5.49,102
100719,Irongate Studios,22,Jan,2020,RPG,2,40,689,94,462,102,45.1,1,4.62,4.62,102
100720,Redkite,12,Feb,2021,Action,1,40,547,90,590,500,48.1,3,5.9,6.21,101
100721,Thunderbyte,16,May,2018,RPG,2,40,203,55,694,182,91.7,2,6.94,5.2,107
100728,Redkite,28,Nov,2020,RPG,2,40,414,70,524,496,56.8,2,5.24,6.21,101
100732,Irongate Studios,9,Jul,2020,Action,1,40,661,69,405,266,82.7,2,4.05,5.58,102
100740,Neon Arc,7,May,2024,Puzzle,5,40,1351,97,447,139,55.4,3,4.47,4.93,77
100741,Redkite,18,Sep,2019,RPG,2,40,454,91,242,238,65.1,2,2.42,5.47,101
100743,Silverleaf,29,Jun,2020,RPG,2,38.85,618,51,549,171,44.6,1,5.49,5.14,86
100745,Pixelforge,5,Aug,2023,Puzzle,5,40,432,59,548,88,92.8,1,5.48,4.48,85
100748,Silverleaf,6,Oct,2022,Action,1,40,908,56,897,373,62.8,2,8.97,5.92,86
100749,Pixelforge,16,Jan,2024,Puzzle,5,38.01,715,68,388,259,50.1,2,3.88,5.56,85
100750,Crystaldawn,12,Feb,2021,Puzzle,5,37.85,766,98,761,543,81.8,2,7.61,6.3,93
100752,Irongate Studios,9,Nov,2024,RPG,2,40,787,96,1297,312,65.7,2,12.97,5.74,102
100754,Crystaldawn,10,Oct,2021,Puzzle,5,39.94,240,76,623,448,92,1,6.23,6.1,93
100755,Thunderbyte,8,May,2024,Simulation,4,40,1133,72,591,100,60.3,2,5.91,4.61,107
100756,Thunderbyte,4,Apr,2020,Simulation,4,40,453,75,363,221,98.8,2,3.63,5.4,107
100757,Moonlight Games,9,Feb,2022,Action,1,39.13,485,81,882,451,50,1,8.82,6.11,101
100758,Pixelforge,19,Aug,2024,Simulation,4,34.93,630,71,209,193,79.6,1,2.09,5.26,85
100761,Irongate Studios,4,Jun,2023,Puzzle,5,40,424,58,740,89,89.3,1,7.4,4.49,102
100763,Thunderbyte,29,Jul,2024,Puzzle,5,39.36,644,74,444,169,41.9,2,4.44,5.13,107
100768,Irongate Studios,23,Jan,2019,Strategy,3,40,657,87,320,197,52.7,1,3.2,5.28,102
100769,Crystaldawn,25,Sep,2018,Strategy,3,40,782,84,583,351,86.4,2,5.83,5.86,93
100774,Crystaldawn,8,Jan,2023,Action,1,40,261,78,638,167,92.3,3,6.38,5.12,93
100775,Neon Arc,8,Sep,2024,Action,1,40,510,94,256,827,92.1,1,2.56,6.72,77
100779,Irongate Studios,6,Jul,2021,Action,1,29.06,678,56,676,345,45.4,2,6.76,5.84,102
100782,Moonlight Games,6,Apr,2020,Puzzle,5,40,1100,64,381,1002,91.9,2,3.81,6.91,101
100785,Crystaldawn,5,Apr,2024,Simulation,4,40,858,60,274,434,59.4,2,2.74,6.07,93
100786,Crystaldawn,10,Aug,2024,Simulation,4,40,651,55,562,364,68.2,2,5.62,5.9,93
100787,Redkite,22,Feb,2024,RPG,2,40,437,66,667,218,81.2,2,6.67,5.38,101
100788,Neon Arc,15,May,2022,Action,1,40,337,63,393,287,63,1,3.93,5.66,77
100789,Thunderbyte,25,Oct,2023,RPG,2,40,358,67,752,231,43.9,2,7.52,5.44,107
100790,Crystaldawn,29,Jul,2019,RPG,2,40,670,63,541,66,63.9,2,5.41,4.19,93
100794,Pixelforge,22,Dec,2023,RPG,2,40,741,55,237,229,75.3,2,2.37,5.43,85
100795,Crystaldawn,14,Mar,2018,Strategy,3,40,641,76,373,144,59.5,2,3.73,4.97,93
100796,Thunderbyte,27,May,2024,Simulation,4,40,882,52,839,184,80.1,3,8.39,5.21,107
100805,Crystaldawn,12,Dec,2018,RPG,2,40,422,84,297,817,54.1,1,2.97,6.71,93
100814,Irongate Studios,3,Jul,2021,Strategy,3,40,528,82,378,327,45.3,1,3.78,5.79,102
100815,Moonlight Games,25,Feb,2023,Strategy,3,40,724,78,858,272,74.3,1,8.58,5.61,101
100819,Redkite,23,Nov,2022,Simulation,4,40,494,86,1358,178,83.3,2,13.58,5.18,101
100820,Moonlight Games,1,Oct,2023,RPG,2,40,375,97,155,173,79.3,1,1.55,5.15,101
100821,Neon Arc,11,Aug,2022,Action,1,40,202,81,450,209,80.5,3,4.5,5.34,77
100825,Thunderbyte,10,Feb,2022,Strategy,3,40,241,71,590,197,52,2,5.9,5.28,107
100827,Moonlight Games,12,Dec,2023,Action,1,39.94,547,83,1182,28,40.3,2,11.82,3.33,101
100831,Neon Arc,25,May,2024,Action,1,38.87,436,83,392,322,81.1,2,3.92,5.77,77
100838,Silverleaf,13,Jan,2020,RPG,2,40,841,67,510,74,83.9,3,5.1,4.3,86
100839,Moonlight Games,16,May,2019,Action,1,40,952,61,833,551,94.9,2,8.33,6.31,101
100840,Redkite,22,May,2018,Strategy,3,40,312,52,1509,294,80.3,3,15.09,5.68,101
100843,Irongate Studios,22,Aug,2021,Action,1,40,745,61,91,191,46.4,2,0.91,5.25,102
100846,Silverleaf,20,Dec,2021,Action,1,38.68,1551,61,688,461,75.3,1,6.88,6.13,86
100848,Thunderbyte,22,Apr,2018,Puzzle,5,40,320,58,610,177,51,1,6.1,5.18,107
100853,Thunderbyte,1,Apr,2022,Action,1,40,226,83,701,308,63.1,1,7.01,5.73,107
100854,Silverleaf,9,Jun,2022,Action,1,40,807,80,257,102,63.1,1,2.57,4.62,86
100856,Crystaldawn,27,Aug,2021,Simulation,4,40,594,71,1266,418,85.4,3,12.66,6.04,93
100857,Redkite,22,Apr,2018,Puzzle,5,40,429,99,720,203,86.1,3,7.2,5.31,101
100863,Thunderbyte,3,Jul,2020,Puzzle,5,26.21,546,75,293,242,77.7,3,2.93,5.49,107
100867,Crystaldawn,5,Mar,2018,RPG,2,40,754,59,296,637,79.4,1,2.96,6.46,93
100871,Moonlight Games,26,Jun,2021,Action,1,40,519,63,509,622,98.9,2,5.09,6.43,101
100872,Crystaldawn,30,Jun,2023,RPG,2,40,561,53,198,332,64.3,2,1.98,5.81,93
100873,Pixelforge,15,Jul,2020,Strategy,3,40,582,92,178,770,83.3,1,1.78,6.65,85
100878,Moonlight Games,17,Dec,2019,Puzzle,5,32.66,146,76,521,177,85.2,3,5.21,5.18,101
100880,Moonlight Games,26,Feb,2022,RPG,2,37.85,1078,57,290,273,92.3,2,2.9,5.61,101
100881,Silverleaf,29,Jun,2021,Action,1,40,388,81,472,104,69.4,2,4.72,4.64,86
100883,Neon Arc,20,Aug,2021,Action,1,39.84,356,96,194,204,56,2,1.94,5.32,77
100884,Irongate Studios,22,Mar,2020,Puzzle,5,33.4,257,76,603,181,77.8,2,6.03,5.2,102
100885,Silverleaf,4,Aug,2021,Strategy,3,40,621,68,118,202,94.4,3,1.18,5.31,86
100887,Pixelforge,25,May,2024,Strategy,3,40,440,50,915,317,89.7,1,9.15,5.76,85
100900,Silverleaf,17,May,2022,Action,1,40,162,69,344,198,49.2,1,3.44,5.29,86
100904,Thunderbyte,28,Sep,2022,Puzzle,5,40,617,82,756,527,47.1,1,7.56,6.27,107
100905,Crystaldawn,20,Aug,2024,Strategy,3,40,574,53,1012,98,81.5,1,10.12,4.58,93
100909,Moonlight Games,23,Dec,2019,Action,1,40,717,76,118,257,63.1,3,1.18,5.55,101
100911,Irongate Studios,2,Sep,2019,Puzzle,5,25.96,479,57,598,346,43,2,5.98,5.85,102
100913,Crystaldawn,2,Oct,2020,Puzzle,5,40,369,76,598,119,83.7,3,5.98,4.78,93
100914,Thunderbyte,3,Apr,2020,Action,1,40,820,87,906,639,70.3,3,9.06,6.46,107
100918,Crystaldawn,17,Apr,2024,Action,1,40,690,71,1135,157,59,1,11.35,5.06,93
100920,Thunderbyte,30,Jul,2022,Simulation,4,40,844,85,392,303,85.9,1,3.92,5.71,107
100923,Silverleaf,7,Mar,2021,Action,1,40,416,94,513,583,78.4,1,5.13,6.37,86
100924,Neon Arc,31,Oct,2018,RPG,2,40,368,65,858,273,91.2,2,8.58,5.61,77
100925,Silverleaf,2,Dec,2024,Action,1,40,652,91,367,109,84,2,3.67,4.69,86
100928,Irongate Studios,24,Jan,2023,Strategy,3,40,382,86,477,143,71.1,2,4.77,4.96,102
100931,Irongate Studios,28,May,2021,Simulation,4,40,662,97,432,229,76.7,3,4.32,5.43,102
100937,Silverleaf,29,Dec,2019,Action,1,40,498,80,258,465,43.2,2,2.58,6.14,86
100945,Crystaldawn,28,Mar,2018,Simulation,4,40,866,84,341,338,53.5,3,3.41,5.82,93
100946,Redkite,5,Feb,2023,Action,1,40,423,93,841,420,79.3,2,8.41,6.04,101
100947,Crystaldawn,4,Jun,2018,Action,1,32.71,414,50,276,568,88.1,1,2.76,6.34,93
100948,Redkite,22,Dec,2020,Strategy,3,40,570,81,1193,162,41.6,1,11.93,5.09,101
100950,Redkite,1,Apr,2024,Strategy,3,40,990,93,612,207,61.7,1,6.12,5.33,101
100960,Irongate Studios,30,Mar,2021,Simulation,4,38.83,552,56,573,314,64.9,1,5.73,5.75,102
100961,Thunderbyte,28,Nov,2021,Strategy,3,40,569,53,1020,122,74.9,3,10.2,4.8,107
100966,Irongate Studios,14,Mar,2020,RPG,2,40,358,52,580,175,60.1,2,5.8,5.16,102
100970,Neon Arc,14,Oct,2019,Strategy,3,40,343,87,899,337,53.4,1,8.99,5.82,77
100973,Silverleaf,13,Apr,2021,Action,1,40,1234,90,430,237,47.3,3,4.3,5.47,86
100975,Irongate Studios,2,Feb,2021,RPG,2,40,394,89,625,75,41.4,1,6.25,4.32,102
100978,Thunderbyte,13,Sep,2023,RPG,2,40,192,62,593,457,80.7,2,5.93,6.12,107
100981,Pixelforge,6,May,2019,Puzzle,5,40,517,63,165,259,88.1,3,1.65,5.56,85
100983,Silverleaf,25,Aug,2024,Puzzle,5,40,174,82,777,221,71.5,3,7.77,5.4,86
100984,Redkite,18,Aug,2021,Action,1,40,215,87,362,762,84.8,1,3.62,6.64,101
100985,Moonlight Games,18,May,2023,Simulation,4,40,925,87,213,176,69.4,1,2.13,5.17,101
100986,Neon Arc,13,Sep,2019,Strategy,3,40,1235,77,619,120,44.6,2,6.19,4.79,77
100987,Crystaldawn,22,May,2021,Puzzle,5,39.9,352,51,572,244,90.4,2,5.72,5.5,93
100988,Crystaldawn,21,Jul,2022,Strategy,3,40,768,68,401,399,59,1,4.01,5.99,93
100989,Thunderbyte,4,Mar,2022,Puzzle,5,35.89,627,69,598,339,94.6,3,5.98,5.83,107
100992,Crystaldawn,29,Jun,2018,Puzzle,5,40,307,55,982,465,77.6,3,9.82,6.14,93
100998,Silverleaf,22,Jan,2019,Action,1,40,398,93,375,967,65.6,3,3.75,6.87,86
101000,Silverleaf,12,Apr,2023,Action,1,40,762,65,379,285,97.4,1,3.79,5.65,86
101003,Irongate Studios,22,Jan,2019,Simulation,4,40,734,75,342,96,44.3,3,3.42,4.56,102
101007,Silverleaf,29,Oct,2020,RPG,2,39.36,928,68,140,219,66.4,2,1.4,5.39,86
101010,Thunderbyte,9,Jan,2019,Action,1,40,744,59,606,84,81.6,1,6.06,4.43,107
101013,Irongate Studios,22,Sep,2018,Strategy,3,40,1010,94,524,91,99.6,3,5.24,4.51,102
101016,Redkite,1,Nov,2022,RPG,2,40,1212,50,416,163,89.3,1,4.16,5.09,101
101017,Silverleaf,29,Jan,2023,Puzzle,5,20.76,380,71,293,84,61,1,2.93,4.43,86
101019,Thunderbyte,19,Sep,2018,Simulation,4,40,475,62,189,147,57.7,1,1.89,4.99,107
101022,Moonlight Games,13,Dec,2020,RPG,2,40,496,82,976,453,57.4,1,9.76,6.12,101
101024,Irongate Studios,1,Jul,2021,Action,1,40,622,71,362,726,82.6,2,3.62,6.59,102
101026,Redkite,14,Nov,2020,RPG,2,40,211,59,742,327,53.3,3,7.42,5.79,101
101034,Neon Arc,22,Apr,2020,Action,1,40,1117,98,671,63,58.7,3,6.71,4.14,77
101035,Redkite,29,Apr,2024,RPG,2,40,378,51,750,312,51.2,1,7.5,5.74,101
101037,Irongate Studios,22,May,2023,Simulation,4,39.04,828,56,710,417,76.7,2,7.1,6.03,102
101038,Redkite,20,Jan,2018,Action,1,40,958,69,1289,273,87.7,3,12.89,5.61,101
101041,Neon Arc,29,Jul,2018,Strategy,3,40,352,90,598,530,51,2,5.98,6.27,77
101045,Silverleaf,18,Jan,2018,RPG,2,33.87,618,63,444,482,80.6,1,4.44,6.18,86
101047,Pixelforge,15,Nov,2018,Action,1,40,226,74,881,352,92.3,3,8.81,5.86,85
101048,Moonlight Games,7,Sep,2024,Action,1,32.83,586,83,589,58,84.9,2,5.89,4.06,101
101049,Redkite,29,Dec,2021,Puzzle,5,40,805,74,312,306,89.5,2,3.12,5.72,101
101055,Pixelforge,2,Dec,2019,Strategy,3,40,554,78,434,193,50.8,2,4.34,5.26,85
101057,Thunderbyte,13,Feb,2019,Puzzle,5,38.28,430,74,744,149,76,2,7.44,5,107
101059,Silverleaf,14,Aug,2020,Simulation,4,32.58,169,60,515,117,57.4,1,5.15,4.76,86
101061,Crystaldawn,16,May,2022,Puzzle,5,39.95,602,83,154,417,65.1,1,1.54,6.03,93
101063,Thunderbyte,12,Feb,2020,Action,1,40,415,100,1102,102,86.9,1,11.02,4.62,107
101064,Neon Arc,16,Oct,2023,Strategy,3,40,557,93,1123,191,99.1,3,11.23,5.25,77
101066,Moonlight Games,22,Oct,2023,Strategy,3,40,622,51,244,586,83.5,2,2.44,6.37,101
101069,Crystaldawn,1,Jul,2018,RPG,2,40,402,69,752,356,43.8,2,7.52,5.87,93
101072,Pixelforge,17,Jun,2018,Puzzle,5,33.75,257,53,854,468,77.5,1,8.54,6.15,85
101076,Redkite,28,Oct,2018,Puzzle,5,40,336,57,447,513,42.1,2,4.47,6.24,101
101078,Thunderbyte,9,Jun,2022,Simulation,4,40,837,57,162,319,99.8,2,1.62,5.77,107
101082,Neon Arc,24,Oct,2018,Puzzle,5,40,377,51,747,375,58.6,2,7.47,5.93,77
101084,Thunderbyte,28,Mar,2022,RPG,2,40,456,72,419,247,88.8,3,4.19,5.51,107
101087,Irongate Studios,23,Feb,2019,Strategy,3,40,922,91,565,164,85.3,3,5.65,5.1,102
101088,Moonlight Games,5,Feb,2019,Action,1,40,321,81,425,124,78.3,1,4.25,4.82,101
101090,Thunderbyte,13,Jan,2018,Simulation,4,40,838,60,583,262,72.9,3,5.83,5.57,107
101092,Irongate Studios,20,Feb,2022,Puzzle,5,40,478,80,1331,432,56.9,2,13.31,6.07,102
101094,Redkite,23,Sep,2021,Action,1,40,481,67,437,83,47.2,2,4.37,4.42,101
101096,Redkite,14,Aug,2018,Action,1,40,658,87,559,421,40.4,2,5.59,6.04,101
101097,Moonlight Games,29,Sep,2024,Simulation,4,40,527,86,366,179,42.4,1,3.66,5.19,101
101098,Crystaldawn,29,Oct,2018,RPG,2,40,517,96,400,488,65.3,2,4,6.19,93
101099,Silverleaf,29,Mar,2018,Action,1,40,715,70,824,412,82,2,8.24,6.02,86
101103,Silverleaf,11,Aug,2018,Action,1,35.05,958,66,646,396,80.4,1,6.46,5.98,86
101104,Crystaldawn,11,Jun,2022,Simulation,4,32.9,254,98,1273,211,58,1,12.73,5.35,93
101105,Moonlight Games,8,Feb,2021,Puzzle,5,39.76,464,77,610,404,96.4,3,6.1,6,101
101106,Neon Arc,10,May,2019,Simulation,4,40,575,78,202,416,44.9,1,2.02,6.03,77
101108,Neon Arc,1,Feb,2019,RPG,2,40,324,55,301,376,57.2,2,3.01,5.93,77
101114,Thunderbyte,10,Sep,2019,Strategy,3,40,415,76,1152,157,71,2,11.52,5.06,107
101115,Silverleaf,16,May,2022,Simulation,4,40,487,94,1252,361,87.6,1,12.52,5.89,86
101117,Silverleaf,1,Jul,2024,Action,1,40,737,76,477,238,47.5,2,4.77,5.47,86
101118,Thunderbyte,2,Apr,2021,Action,1,34.62,456,51,205,894,56.4,1,2.05,6.8,107
101122,Redkite,21,Aug,2021,Action,1,40,577,59,712,249,65.6,2,7.12,5.52,101
101134,Redkite,17,Jul,2023,Strategy,3,40,980,80,640,371,49.2,2,6.4,5.92,101
101135,Moonlight Games,7,Nov,2021,Action,1,40,660,66,849,108,85.4,2,8.49,4.68,101
101138,Irongate Studios,27,Jul,2020,RPG,2,40,248,77,1189,323,85.6,1,11.89,5.78,102
101142,Thunderbyte,20,Oct,2021,Puzzle,5,40,593,76,1002,155,51.7,1,10.02,5.04,107
101145,Silverleaf,6,Oct,2023,Puzzle,5,40,637,87,1241,112,66.2,3,12.41,4.72,86
101149,Redkite,25,Mar,2022,RPG,2,40,298,67,840,201,42.9,1,8.4,5.3,101
101153,Moonlight Games,2,Mar,2023,RPG,2,40,1677,67,810,841,66.2,3,8.1,6.73,101
101154,Crystaldawn,10,Jan,2022,Strategy,3,40,680,53,343,312,96.3,1,3.43,5.74,93
101159,Thunderbyte,8,Nov,2024,RPG,2,40,385,89,202,283,69.2,1,2.02,5.65,107
101160,Moonlight Games,1,Jun,2019,Puzzle,5,40,354,60,770,206,48.2,3,7.7,5.33,101
101163,Redkite,1,Dec,2018,Action,1,40,423,87,534,75,94.2,2,5.34,4.32,101
101166,Redkite,19,Dec,2021,Simulation,4,40,518,70,65,229,93,3,0.65,5.43,101
101167,Neon Arc,29,Aug,2019,Action,1,40,404,86,674,229,59.3,1,6.74,5.43,77
101170,Neon Arc,28,Mar,2019,RPG,2,40,729,69,771,194,79.3,1,7.71,5.27,77
101171,Crystaldawn,28,Feb,2023,Simulation,4,36.57,526,75,1312,216,51.3,3,13.12,5.38,93
101173,Thunderbyte,15,Aug,2022,Strategy,3,40,453,65,523,245,91,1,5.23,5.5,107
101174,Irongate Studios,22,Apr,2018,Strategy,3,40,273,52,1447,379,93.3,1,14.47,5.94,102
101178,Thunderbyte,19,May,2024,Action,1,40,1034,79,578,368,62.8,2,5.78,5.91,107
101181,Irongate Studios,18,Jun,2023,Simulation,4,40,478,98,422,542,85.4,2,4.22,6.3,102
101183,Moonlight Games,16,Sep,2021,Action,1,40,214,74,416,117,91.1,3,4.16,4.76,101
101187,Redkite,1,Sep,2023,Simulation,4,40,325,95,356,585,75.2,1,3.56,6.37,101
101189,Moonlight Games,2,Nov,2018,Action,1,40,414,92,341,127,95.4,1,3.41,4.84,101
101195,Crystaldawn,1,Mar,2018,Action,1,33.5,619,69,244,251,63.6,1,2.44,5.53,93
101197,Crystaldawn,10,Jul,2024,Action,1,40,1627,68,761,136,95.4,1,7.61,4.91,93
101199,Silverleaf,31,Aug,2022,Action,1,40,611,65,230,253,62.6,1,2.3,5.53,86
101203,Redkite,13,Sep,2020,RPG,2,40,734,53,699,322,62.6,3,6.99,5.77,101
101204,Redkite,21,Dec,2018,Puzzle,5,40,575,70,589,273,80,2,5.89,5.61,101
101207,Irongate Studios,9,Oct,2019,Strategy,3,40,949,74,415,243,40.4,3,4.15,5.49,102
101208,Pixelforge,28,Apr,2021,Action,1,31.75,895,64,81,138,61.3,1,0.81,4.93,85
101209,Silverleaf,2,Jan,2023,Action,1,40,630,66,966,339,85.4,3,9.66,5.83,86
101211,Irongate Studios,28,Oct,2019,Puzzle,5,40,211,88,196,150,87.9,2,1.96,5.01,102
101213,Neon Arc,2,Jan,2022,Action,1,40,830,94,57,156,99.1,2,0.57,5.05,77
101214,Thunderbyte,11,May,2018,Action,1,40,850,65,533,194,97.4,2,5.33,5.27,107
101218,Neon Arc,31,May,2021,Simulation,4,40,673,96,1083,438,76.7,2,10.83,6.08,77
101219,Neon Arc,7,Aug,2024,Puzzle,5,27.51,603,67,733,191,82.2,1,7.33,5.25,77
101222,Pixelforge,29,Jul,2019,Strategy,3,38.29,577,78,376,97,56.8,2,3.76,4.57,85
101228,Thunderbyte,3,Jun,2024,Action,1,40,293,72,461,327,93.4,3,4.61,5.79,107
101232,Thunderbyte,14,Mar,2023,Strategy,3,40,346,94,945,253,40.4,1,9.45,5.53,107
101234,Moonlight Games,18,Sep,2024,Action,1,40,297,79,167,194,84.7,2,1.67,5.27,101
101242,Moonlight Games,17,Dec,2023,Action,1,40,851,57,682,703,70.9,2,6.82,6.56,101
101244,Silverleaf,4,Jan,2022,Puzzle,5,40,442,83,475,191,98.1,1,4.75,5.25,86
101250,Silverleaf,29,Sep,2022,Puzzle,5,29.21,359,60,913,115,64.1,2,9.13,4.74,86
101251,Crystaldawn,2,Jun,2024,Action,1,28.58,1015,60,593,416,65.3,1,5.93,6.03,93
101252,Irongate Studios,14,May,2018,Simulation,4,40,456,61,819,481,63.8,3,8.19,6.18,102
101262,Irongate Studios,20,Oct,2018,RPG,2,40,622,54,223,386,79,2,2.23,5.96,102
101265,Pixelforge,23,Mar,2021,Action,1,40,852,51,195,367,48.6,2,1.95,5.91,85
101270,Neon Arc,17,May,2021,Strategy,3,40,247,94,331,309,84.7,2,3.31,5.73,77
101272,Neon Arc,13,Mar,2020,RPG,2,40,626,90,342,706,45.4,1,3.42,6.56,77
101274,Neon Arc,22,Dec,2023,Action,1,40,800,60,1616,144,61,2,16.16,4.97,77
101285,Thunderbyte,1,Feb,2021,Strategy,3,40,567,71,334,229,80.5,3,3.34,5.43,107
101288,Silverleaf,6,Dec,2019,Action,1,40,568,74,222,254,90.6,3,2.22,5.54,86
101291,Irongate Studios,4,Mar,2021,Strategy,3,40,429,55,316,629,96.3,3,3.16,6.44,102
101292,Crystaldawn,22,Nov,2024,Puzzle,5,40,465,95,1309,82,56.2,1,13.09,4.41,93
101293,Pixelforge,1,May,2019,Action,1,40,302,77,249,404,56.6,2,2.49,6,85
101294,Silverleaf,28,Mar,2019,Strategy,3,40,659,75,314,426,76.8,2,3.14,6.05,86
101314,Silverleaf,28,Dec,2018,Action,1,34.7,568,97,836,233,65.8,1,8.36,5.45,86
101320,Redkite,20,May,2018,Simulation,4,39.32,314,98,441,558,43.8,1,4.41,6.32,101
101321,Moonlight Games,15,Aug,2019,RPG,2,40,630,77,617,182,59.2,2,6.17,5.2,101
101323,Redkite,30,Nov,2020,Action,1,40,765,56,502,172,45.3,3,5.02,5.15,101
101324,Redkite,11,Dec,2022,Puzzle,5,40,380,67,316,266,61.5,3,3.16,5.58,101
101326,Neon Arc,9,Jan,2024,Action,1,40,391,51,765,496,95.1,1,7.65,6.21,77
101331,Pixelforge,3,Jun,2020,Strategy,3,40,246,89,785,132,44.5,3,7.85,4.88,85
101334,Pixelforge,3,Jul,2022,RPG,2,40,123,90,702,67,57.1,2,7.02,4.2,85
101340,Crystaldawn,7,Apr,2020,Strategy,3,40,607,92,1175,530,49.3,1,11.75,6.27,93
101341,Redkite,9,Jul,2021,RPG,2,40,432,52,474,672,47.6,2,4.74,6.51,101
101342,Silverleaf,26,Sep,2022,Simulation,4,40,685,55,647,153,52.6,2,6.47,5.03,86
101348,Pixelforge,14,Apr,2023,Strategy,3,40,90,70,376,381,99.9,1,3.76,5.94,85
101349,Irongate Studios,23,Dec,2021,RPG,2,40,481,97,471,181,53.9,2,4.71,5.2,102
101350,Neon Arc,14,May,2020,Strategy,3,40,570,63,575,273,62.7,2,5.75,5.61,77
101358,Thunderbyte,19,Sep,2023,Action,1,28.81,309,89,456,160,83.5,1,4.56,5.08,107
101359,Moonlight Games,11,Dec,2020,Puzzle,5,40,344,77,688,397,42.6,1,6.88,5.98,101
101360,Pixelforge,3,Jan,2024,Action,1,30.77,326,90,535,141,81.9,1,5.35,4.95,85
101362,Irongate Studios,3,Jan,2018,Action,1,35.09,320,55,637,391,53.5,1,6.37,5.97,102
101364,Redkite,24,Dec,2021,Simulation,4,40,463,76,472,395,57.2,1,4.72,5.98,101
101367,Crystaldawn,3,Sep,2018,Action,1,33.49,278,61,576,465,79.9,2,5.76,6.14,93
101379,Moonlight Games,1,Jun,2020,Strategy,3,40,268,79,342,210,87.1,2,3.42,5.35,101
101382,Silverleaf,11,Aug,2019,Action,1,40,572,64,377,145,40.1,2,3.77,4.98,86
101384,Moonlight Games,27,Nov,2022,RPG,2,40,1031,76,320,447,89.3,3,3.2,6.1,101
101385,Irongate Studios,25,Sep,2020,Action,1,38.1,459,71,418,382,86.5,1,4.18,5.95,102
101390,Silverleaf,3,Nov,2024,Simulation,4,40,547,68,971,205,44.3,3,9.71,5.32,86
101394,Thunderbyte,24,Nov,2020,Action,1,40,717,81,667,399,62.9,1,6.67,5.99,107
101396,Silverleaf,10,Dec,2023,Action,1,40,562,74,323,156,56.7,1,3.23,5.05,86
101398,Thunderbyte,2,Jan,2021,Puzzle,5,30,716,70,224,136,85.2,1,2.24,4.91,107
101405,Thunderbyte,2,Feb,2021,Action,1,40,526,95,342,144,40.9,1,3.42,4.97,107
101406,Redkite,14,Sep,2018,Puzzle,5,35.5,732,67,110,111,54.5,1,1.1,4.71,101
101410,Redkite,18,Mar,2023,Simulation,4,40,360,78,433,139,57.8,1,4.33,4.93,101
101415,Thunderbyte,30,Mar,2022,Strategy,3,40,391,74,174,46,57.3,2,1.74,3.83,107
101416,Pixelforge,24,Aug,2023,Action,1,40,566,80,254,217,46.3,1,2.54,5.38,85
101418,Irongate Studios,21,Jun,2023,Strategy,3,40,969,74,512,104,53.3,1,5.12,4.64,102
101419,Irongate Studios,22,Feb,2022,Simulation,4,40,693,66,310,192,70.2,2,3.1,5.26,102
101426,Redkite,12,Jan,2019,RPG,2,40,929,76,367,341,79,2,3.67,5.83,101
101429,Thunderbyte,18,Nov,2020,Action,1,40,548,72,555,248,85.7,3,5.55,5.51,107
101434,Pixelforge,2,Nov,2022,Action,1,40,514,71,913,123,88.4,1,9.13,4.81,85
101436,Silverleaf,16,Jun,2024,Action,1,40,614,93,103,368,45.3,2,1.03,5.91,86
101442,Neon Arc,16,Aug,2021,Simulation,4,31.7,1124,76,757,331,82.6,2,7.57,5.8,77
101446,Thunderbyte,16,Oct,2018,Simulation,4,40,526,86,791,317,95.8,2,7.91,5.76,107
101447,Pixelforge,25,May,2020,Action,1,40,756,58,381,819,70.4,2,3.81,6.71,85
101450,Irongate Studios,4,Jul,2022,Simulation,4,40,821,72,1848,189,57.7,3,18.48,5.24,102
101452,Crystaldawn,13,Apr,2022,RPG,2,40,284,52,671,346,83.6,2,6.71,5.85,93
101461,Thunderbyte,17,Jun,2023,Action,1,40,967,66,478,175,62,3,4.78,5.16,107
101468,Redkite,12,Jul,2020,Strategy,3,38.62,1006,75,893,233,53,3,8.93,5.45,101
101469,Irongate Studios,18,Sep,2023,Puzzle,5,40,359,65,486,616,89.9,2,4.86,6.42,102
101470,Crystaldawn,24,Feb,2023,Action,1,40,464,87,784,108,79.1,1,7.84,4.68,93
101471,Crystaldawn,1,Apr,2021,Action,1,38.61,250,91,424,200,63,3,4.24,5.3,93
101474,Pixelforge,9,Dec,2024,Simulation,4,40,739,61,619,97,62.7,2,6.19,4.57,85
101477,Silverleaf,5,May,2023,RPG,2,40,649,81,907,191,42,2,9.07,5.25,86
101481,Irongate Studios,17,Jan,2021,Simulation,4,40,273,86,383,237,69.9,2,3.83,5.47,102
101482,Moonlight Games,7,May,2023,Puzzle,5,36.29,775,57,315,205,80.1,2,3.15,5.32,101
101483,Moonlight Games,13,Sep,2020,RPG,2,40,516,90,588,99,66.8,2,5.88,4.6,101
101484,Redkite,28,Nov,2020,Puzzle,5,40,281,59,507,169,80.5,3,5.07,5.13,101
101488,Irongate Studios,18,Nov,2020,Strategy,3,40,548,72,406,263,54.5,1,4.06,5.57,102
101490,Pixelforge,10,Nov,2019,Puzzle,5,40,386,75,290,289,71.5,1,2.9,5.67,85
101492,Moonlight Games,11,Feb,2024,Action,1,40,701,84,447,129,97.2,3,4.47,4.86,101
101497,Crystaldawn,11,Aug,2021,Strategy,3,40,784,89,209,310,78.3,3,2.09,5.74,93
101499,Moonlight Games,9,Jan,2018,Simulation,4,38.35,607,54,605,134,98,2,6.05,4.9,101
101500,Crystaldawn,14,Dec,2021,Action,1,40,361,87,387,238,85.4,2,3.87,5.47,93
101503,Redkite,22,Jul,2019,Puzzle,5,34.88,612,68,541,61,76.5,1,5.41,4.11,101
101506,Neon Arc,17,Sep,2024,Strategy,3,40,692,84,208,577,68.5,3,2.08,6.36,77
101507,Redkite,14,Jun,2021,RPG,2,40,525,95,815,113,62.1,2,8.15,4.73,101
101508,Redkite,27,Jul,2018,Simulation,4,40,198,60,611,265,99.6,2,6.11,5.58,101
101514,Silverleaf,1,Dec,2022,Puzzle,5,40,447,87,874,54,69.2,1,8.74,3.99,86
101517,Thunderbyte,17,Nov,2020,Simulation,4,40,387,93,203,179,76.2,2,2.03,5.19,107
101518,Moonlight Games,25,May,2018,Strategy,3,40,844,91,1195,242,93.9,1,11.95,5.49,101
101528,Silverleaf,30,Jan,2021,Puzzle,5,40,379,93,330,720,82.4,2,3.3,6.58,86
101529,Silverleaf,28,Mar,2022,Action,1,40,545,93,690,265,92.1,2,6.9,5.58,86
101534,Pixelforge,24,Apr,2021,Action,1,40,637,75,795,155,72,3,7.95,5.04,85
101544,Redkite,14,Jan,2023,Action,1,40,499,53,474,362,58.9,1,4.74,5.89,101
101550,Silverleaf,18,Mar,2021,Action,1,40,373,62,448,302,62.2,2,4.48,5.71,86
101556,Thunderbyte,15,Sep,2023,Action,1,40,552,76,558,225,81.4,2,5.58,5.42,107
101557,Neon Arc,28,Dec,2018,Action,1,40,965,66,391,247,97.1,2,3.91,5.51,77
101559,Crystaldawn,5,Feb,2023,Action,1,40,915,79,1039,193,83.7,3,10.39,5.26,93
101560,Pixelforge,16,Feb,2023,Simulation,4,40,446,54,507,215,40.7,1,5.07,5.37,85
101564,Redkite,10,Aug,2021,RPG,2,40,849,74,275,111,73.6,2,2.75,4.71,101
101566,Neon Arc,12,Dec,2022,RPG,2,40,382,86,647,435,84.7,1,6.47,6.08,77
101568,Moonlight Games,20,Aug,2019,Action,1,40,259,95,66,411,72.5,1,0.66,6.02,101
101579,Moonlight Games,5,Nov,2022,Action,1,37.93,548,85,1256,422,49.7,2,12.56,6.05,101
101582,Redkite,18,Feb,2021,Puzzle,5,40,270,76,332,420,62,3,3.32,6.04,101
101583,Redkite,12,Jan,2023,RPG,2,40,569,71,860,215,82.6,2,8.6,5.37,101
101584,Neon Arc,13,Oct,2019,Strategy,3,40,271,58,399,211,51.7,1,3.99,5.35,77
101585,Neon Arc,5,Jun,2019,Action,1,38.42,573,87,612,110,64.5,2,6.12,4.7,77
101586,Redkite,27,Jul,2020,Strategy,3,40,894,87,931,445,62.3,2,9.31,6.1,101
101591,Irongate Studios,30,Sep,2021,RPG,2,40,263,57,356,334,80.6,3,3.56,5.81,102
101593,Irongate Studios,7,Jul,2018,Strategy,3,40,1494,65,1137,301,64.3,1,11.37,5.71,102
101598,Irongate Studios,11,Sep,2018,Simulation,4,40,420,64,425,107,95.1,1,4.25,4.67,102
101601,Redkite,28,Apr,2018,Action,1,40,182,86,369,117,44.1,1,3.69,4.76,101
101604,Thunderbyte,5,Oct,2020,Puzzle,5,32.97,581,100,703,144,97.2,2,7.03,4.97,107
101605,Thunderbyte,22,Mar,2022,Strategy,3,40,779,90,316,152,85.4,1,3.16,5.02,107
101606,Moonlight Games,28,Jun,2020,Simulation,4,40,385,55,317,327,68.8,1,3.17,5.79,101
101609,Thunderbyte,25,Dec,2022,RPG,2,40,630,87,530,317,97.9,2,5.3,5.76,107
101610,Pixelforge,21,Feb,2023,Simulation,4,30.7,1112,89,706,404,96,1,7.06,6,85
101621,Silverleaf,8,Aug,2018,RPG,2,40,258,66,277,182,92.9,2,2.77,5.2,86
101622,Crystaldawn,7,Nov,2024,Action,1,40,734,65,2009,199,90.1,3,20.09,5.29,93
101624,Redkite,16,Aug,2024,Action,1,37.08,283,61,517,154,76.2,1,5.17,5.04,101
101627,Pixelforge,3,Jan,2020,Action,1,40,541,55,638,355,53.9,3,6.38,5.87,85
101629,Thunderbyte,7,May,2024,Action,1,22.37,503,55,912,242,98.5,1,9.12,5.49,107
101630,Irongate Studios,11,Sep,2022,Action,1,34.87,488,51,442,114,47.6,1,4.42,4.74,102
101631,Pixelforge,12,Aug,2024,Simulation,4,40,394,74,442,201,79.6,1,4.42,5.3,85
101632,Crystaldawn,7,Jan,2021,Action,1,32.43,87,78,730,507,76.6,1,7.3,6.23,93
101634,Crystaldawn,1,Apr,2018,Strategy,3,40,559,90,92,202,75,3,0.92,5.31,93
101635,Irongate Studios,25,Sep,2023,Action,1,26.76,289,88,293,215,58.2,1,2.93,5.37,102
101636,Moonlight Games,5,Jun,2023,RPG,2,40,215,89,310,301,47,2,3.1,5.71,101
101638,Pixelforge,2,Oct,2024,Simulation,4,32.41,973,94,278,367,41.4,1,2.78,5.91,85
101640,Silverleaf,26,Aug,2023,Action,1,25.23,1087,93,234,341,96.4,1,2.34,5.83,86
101641,Silverleaf,31,Oct,2021,Simulation,4,40,401,94,774,404,45.1,1,7.74,6,86
101642,Crystaldawn,14,Mar,2021,Puzzle,5,31.34,486,77,492,157,95.4,3,4.92,5.06,93
101645,Neon Arc,23,Oct,2018,Action,1,40,265,91,364,187,96.6,2,3.64,5.23,77
101650,Moonlight Games,3,May,2020,Action,1,26.07,305,83,625,120,60.1,1,6.25,4.79,101
101652,Redkite,21,Nov,2023,Puzzle,5,36.69,215,61,1120,166,97.7,2,11.2,5.11,101
101657,Thunderbyte,27,May,2023,Simulation,4,40,953,57,584,184,40.5,1,5.84,5.21,107
101660,Irongate Studios,19,Feb,2023,RPG,2,40,459,58,681,130,78.5,2,6.81,4.87,102
101662,Neon Arc,19,Jan,2024,RPG,2,40,396,76,400,169,70,3,4,5.13,77
101666,Silverleaf,20,Mar,2024,RPG,2,40,554,51,1891,448,62.7,1,18.91,6.1,86
101668,Irongate Studios,30,Jun,2020,Action,1,40,146,96,191,461,82.3,2,1.91,6.13,102
101672,Moonlight Games,12,Jun,2021,Simulation,4,40,614,82,226,265,82.1,3,2.26,5.58,101
101674,Neon Arc,10,Jun,2021,Simulation,4,40,238,90,997,178,97.6,1,9.97,5.18,77
101676,Thunderbyte,12,Feb,2019,Puzzle,5,40,147,96,317,391,83.3,1,3.17,5.97,107
101677,Pixelforge,4,Dec,2020,Puzzle,5,33.68,552,51,1334,342,71,3,13.34,5.83,85
101678,Irongate Studios,15,Mar,2018,Puzzle,5,27.51,870,72,794,154,43.7,1,7.94,5.04,102
101681,Pixelforge,7,Dec,2023,Simulation,4,40,513,52,492,462,84.9,2,4.92,6.14,85
101683,Irongate Studios,1,Aug,2021,Action,1,40,810,50,912,268,83.1,1,9.12,5.59,102
101684,Pixelforge,25,Apr,2022,RPG,2,40,602,60,203,295,49.9,3,2.03,5.69,85
101685,Moonlight Games,8,May,2020,Action,1,40,620,54,381,268,58.1,2,3.81,5.59,101
101687,Silverleaf,30,Apr,2024,Strategy,3,40,851,98,249,171,74.8,3,2.49,5.14,86
101694,Crystaldawn,22,Oct,2019,Action,1,40,424,95,994,325,78.4,1,9.94,5.78,93
101699,Neon Arc,16,Aug,2020,RPG,2,40,170,59,638,241,97,1,6.38,5.48,77
101702,Irongate Studios,22,Nov,2022,Puzzle,5,28.39,499,66,1373,102,62.2,1,13.73,4.62,102
101704,Crystaldawn,14,Jun,2022,Action,1,40,517,57,701,184,97.4,3,7.01,5.21,93
101705,Silverleaf,18,Jun,2020,RPG,2,40,158,86,660,268,86.7,1,6.6,5.59,86
101706,Neon Arc,11,Oct,2019,Action,1,40,841,55,637,450,55.6,3,6.37,6.11,77
101707,Irongate Studios,28,Jun,2022,Puzzle,5,29.38,328,98,1201,173,46.2,1,12.01,5.15,102
101708,Thunderbyte,3,Dec,2019,Simulation,4,29.32,648,74,341,222,97.5,3,3.41,5.4,107
101711,Pixelforge,11,Apr,2022,Action,1,40,1206,98,334,664,76.2,2,3.34,6.5,85
101714,Silverleaf,15,Feb,2019,Action,1,14.78,1279,57,366,203,46.8,1,3.66,5.31,86
101717,Redkite,8,Jul,2020,Action,1,40,134,85,432,257,96,3,4.32,5.55,101
101721,Pixelforge,24,Mar,2024,Action,1,40,229,69,523,47,43.7,1,5.23,3.85,85
101724,Redkite,17,Feb,2022,RPG,2,40,281,94,996,133,60.9,1,9.96,4.89,101
101730,Neon Arc,12,Sep,2023,Strategy,3,40,312,100,488,334,51.3,2,4.88,5.81,77
101735,Crystaldawn,27,Sep,2020,Action,1,40,446,75,1391,261,67.9,1,13.91,5.56,93
101738,Silverleaf,7,Aug,2020,Puzzle,5,35.22,807,71,723,417,55.9,2,7.23,6.03,86
101739,Thunderbyte,30,Mar,2024,RPG,2,39.2,465,68,947,308,99,1,9.47,5.73,107
101741,Neon Arc,1,Sep,2019,Simulation,4,40,940,93,1204,234,40.1,3,12.04,5.46,77
101742,Pixelforge,9,Oct,2018,Action,1,40,473,62,1602,353,88.9,1,16.02,5.87,85
101743,Neon Arc,23,Jun,2018,Strategy,3,40,735,55,778,193,49.9,3,7.78,5.26,77
101745,Moonlight Games,1,May,2024,RPG,2,40,710,67,500,378,77.5,1,5,5.93,101
101752,Irongate Studios,1,Jun,2020,Action,1,40,488,74,1295,202,97.6,1,12.95,5.31,102
101753,Moonlight Games,20,Jun,2021,RPG,2,40,1025,68,520,216,82.6,3,5.2,5.38,101
101754,Crystaldawn,6,Feb,2023,Strategy,3,40,388,88,462,324,59.5,3,4.62,5.78,93
101755,Silverleaf,26,Jan,2020,Puzzle,5,40,1190,90,914,62,67.4,1,9.14,4.13,86
101757,Silverleaf,9,Apr,2022,RPG,2,40,736,85,926,257,63.8,1,9.26,5.55,86
101764,Thunderbyte,24,Aug,2018,RPG,2,40,652,77,723,493,63.8,1,7.23,6.2,107
101766,Neon Arc,22,Dec,2020,Action,1,40,727,57,414,437,42.5,1,4.14,6.08,77
101767,Irongate Studios,24,Jan,2024,Action,1,40,1324,88,1215,110,60.3,2,12.15,4.7,102
101768,Redkite,22,Sep,2018,RPG,2,40,552,60,801,636,80.1,2,8.01,6.46,101
101769,Moonlight Games,17,Apr,2023,Action,1,34.46,339,83,420,274,86.6,1,4.2,5.61,101
101770,Redkite,11,Sep,2021,Simulation,4,37.61,309,89,376,437,96.8,1,3.76,6.08,101
101771,Thunderbyte,23,May,2021,RPG,2,40,502,57,773,200,83.8,3,7.73,5.3,107
101772,Irongate Studios,28,Dec,2021,Simulation,4,40,495,88,1501,97,82.4,1,15.01,4.57,102
101773,Thunderbyte,22,Jul,2020,Simulation,4,40,462,74,514,264,67.4,2,5.14,5.58,107
101776,Silverleaf,28,Aug,2021,Action,1,40,586,60,605,37,46.3,1,6.05,3.61,86
101777,Silverleaf,3,Jun,2023,Action,1,37.01,205,54,877,229,90.3,1,8.77,5.43,86
101779,Redkite,16,May,2024,Action,1,39.03,494,96,383,163,42.9,1,3.83,5.09,101
101781,Thunderbyte,29,Nov,2023,RPG,2,40,511,87,737,364,89.6,1,7.37,5.9,107
101782,Neon Arc,17,Nov,2020,Strategy,3,40,400,67,790,259,74.9,1,7.9,5.56,77
101791,Pixelforge,24,Apr,2022,Action,1,28.88,847,63,186,374,93.1,1,1.86,5.92,85
101793,Redkite,15,Feb,2024,Puzzle,5,40,352,72,381,269,55.3,2,3.81,5.59,101
101794,Redkite,6,Apr,2019,Action,1,40,452,80,245,249,59.1,3,2.45,5.52,101
101797,Irongate Studios,5,Nov,2019,Action,1,34.17,374,79,289,129,68.9,3,2.89,4.86,102
101798,Crystaldawn,14,Feb,2021,Action,1,40,334,100,509,367,89.2,2,5.09,5.91,93
101800,Redkite,23,Aug,2020,RPG,2,40,411,67,1075,312,60.2,1,10.75,5.74,101
101801,Redkite,14,Mar,2018,Simulation,4,40,428,59,276,470,92.1,2,2.76,6.15,101
101804,Moonlight Games,29,Mar,2024,Simulation,4,40,437,64,697,114,95.2,2,6.97,4.74,101
101805,Irongate Studios,7,Apr,2023,Strategy,3,40,750,98,778,239,68.4,1,7.78,5.48,102
101807,Pixelforge,27,May,2021,Action,1,40,558,68,547,145,84.7,3,5.47,4.98,85
101808,Pixelforge,30,Sep,2021,Simulation,4,40,408,69,575,728,41.7,1,5.75,6.59,85
101810,Silverleaf,27,Oct,2019,Simulation,4,40,244,69,380,286,79.7,2,3.8,5.66,86
101811,Moonlight Games,18,Jul,2023,Simulation,4,40,738,92,184,759,95.6,1,1.84,6.63,101
101812,Pixelforge,25,Dec,2020,RPG,2,40,933,69,957,326,76.7,1,9.57,5.79,85
101814,Moonlight Games,12,Jun,2024,Action,1,40,497,74,480,266,88.5,3,4.8,5.58,101
101815,Pixelforge,7,Sep,2023,Action,1,40,1641,86,720,269,47.9,2,7.2,5.59,85
101816,Crystaldawn,15,Nov,2024,Strategy,3,40,166,59,614,389,94.8,2,6.14,5.96,93
101822,Silverleaf,13,Sep,2021,Puzzle,5,40,362,71,1110,756,80.8,2,11.1,6.63,86
101829,Pixelforge,3,Feb,2022,Action,1,39.27,961,71,1701,146,59.5,2,17.01,4.98,85
101831,Moonlight Games,1,Mar,2019,Puzzle,5,40,411,79,659,216,64.4,2,6.59,5.38,101
101833,Crystaldawn,29,Jul,2024,Action,1,40,740,60,209,353,54.7,1,2.09,5.87,93
101835,Moonlight Games,5,Jan,2021,Puzzle,5,40,241,86,468,427,67.6,1,4.68,6.06,101
101836,Redkite,27,Oct,2019,Puzzle,5,40,398,78,133,393,86.4,2,1.33,5.97,101
101837,Moonlight Games,13,Sep,2022,Puzzle,5,39.4,536,66,309,374,61.7,2,3.09,5.92,101
101842,Neon Arc,24,Feb,2019,Simulation,4,40,1325,52,1061,100,80.5,2,10.61,4.61,77
101843,Silverleaf,7,Apr,2021,RPG,2,40,543,81,557,156,46.8,2,5.57,5.05,86
101845,Neon Arc,17,Apr,2022,Action,1,40,453,71,961,214,92.5,1,9.61,5.37,77
101853,Pixelforge,29,Jun,2024,RPG,2,40,1036,50,124,220,78.8,2,1.24,5.39,85
101855,Redkite,19,Sep,2023,Strategy,3,40,501,100,614,153,58.5,3,6.14,5.03,101
101861,Moonlight Games,29,Jan,2019,RPG,2,40,506,89,308,610,75.1,2,3.08,6.41,101
101865,Silverleaf,20,Oct,2022,Strategy,3,40,569,50,598,391,87.1,3,5.98,5.97,86
101870,Crystaldawn,14,Aug,2018,Puzzle,5,33.74,196,53,212,707,73.7,1,2.12,6.56,93
101873,Silverleaf,26,Nov,2022,RPG,2,40,493,92,787,81,87.6,1,7.87,4.39,86
101876,Thunderbyte,13,Jun,2023,RPG,2,40,470,91,364,48,99,2,3.64,3.87,107
101877,Pixelforge,24,Feb,2018,Action,1,29.31,470,55,848,299,70.8,1,8.48,5.7,85
101879,Moonlight Games,24,Jun,2018,RPG,2,40,562,96,546,121,87.5,2,5.46,4.8,101
101880,Neon Arc,30,Jul,2023,Action,1,40,777,82,346,195,75.6,2,3.46,5.27,77
101881,Redkite,26,Apr,2024,Action,1,40,875,84,187,215,49.4,2,1.87,5.37,101
101886,Moonlight Games,13,Aug,2024,Action,1,38.48,245,59,990,183,69.6,1,9.9,5.21,101
101887,Pixelforge,1,Feb,2020,Action,1,36.05,411,86,110,217,98,1,1.1,5.38,85
101888,Silverleaf,8,Jan,2023,Action,1,40,521,73,183,285,49,2,1.83,5.65,86
101889,Thunderbyte,5,Aug,2023,Action,1,40,277,71,751,345,84.6,1,7.51,5.84,107
101890,Pixelforge,25,Dec,2019,RPG,2,40,392,72,805,184,79.2,2,8.05,5.21,85
101891,Pixelforge,21,Nov,2023,Action,1,40,673,93,789,436,89.9,1,7.89,6.08,85
101892,Redkite,18,Sep,2024,Action,1,40,820,75,356,729,82,3,3.56,6.59,101
101894,Irongate Studios,13,Jan,2018,Puzzle,5,40,732,85,684,81,74.5,1,6.84,4.39,102
101895,Moonlight Games,24,Feb,2024,RPG,2,40,398,77,597,130,49.2,1,5.97,4.87,101
101897,Irongate Studios,6,Jul,2024,Action,1,40,601,86,299,288,64.3,3,2.99,5.66,102
101898,Neon Arc,16,Dec,2019,Strategy,3,40,889,58,849,535,55.8,1,8.49,6.28,77
101900,Pixelforge,16,Apr,2021,Simulation,4,40,578,78,1105,128,87.8,1,11.05,4.85,85
101901,Silverleaf,15,Jan,2018,Simulation,4,40,392,75,564,628,88,2,5.64,6.44,86
101902,Irongate Studios,11,Jun,2022,Action,1,40,586,73,433,137,48.1,3,4.33,4.92,102
101903,Thunderbyte,27,Oct,2019,Strategy,3,37.9,228,66,589,279,98.1,1,5.89,5.63,107
101905,Moonlight Games,18,May,2018,Puzzle,5,33.86,1036,62,576,180,72.9,3,5.76,5.19,101
101909,Crystaldawn,22,Mar,2023,RPG,2,40,659,83,799,603,45,1,7.99,6.4,93
101910,Redkite,28,Nov,2024,Strategy,3,40,914,56,526,140,78.8,1,5.26,4.94,101
101914,Moonlight Games,31,Oct,2024,Puzzle,5,40,1369,52,705,375,55.6,1,7.05,5.93,101
101916,Pixelforge,20,Nov,2023,Simulation,4,40,524,68,709,408,97.7,2,7.09,6.01,85
101919,Redkite,26,Sep,2022,RPG,2,40,882,95,947,713,53.1,1,9.47,6.57,101
101921,Irongate Studios,18,Jan,2024,Action,1,40,983,89,983,141,91.2,1,9.83,4.95,102
101922,Moonlight Games,4,Jul,2024,Action,1,40,141,91,911,256,90,1,9.11,5.55,101
101924,Neon Arc,7,Jul,2023,Simulation,4,40,508,83,514,419,92.7,3,5.14,6.04,77
101928,Redkite,18,Jan,2023,Strategy,3,36.75,495,58,223,66,96.7,1,2.23,4.19,101
101929,Moonlight Games,25,Feb,2021,Puzzle,5,40,249,81,335,269,68.7,2,3.35,5.59,101
101932,Thunderbyte,2,Sep,2024,Action,1,40,623,72,487,29,54.4,2,4.87,3.37,107
101933,Crystaldawn,13,Jan,2018,Action,1,40,850,63,236,186,81.3,2,2.36,5.23,93
101936,Neon Arc,23,Dec,2020,Action,1,40,698,58,124,548,73.6,2,1.24,6.31,77
101937,Pixelforge,11,Nov,2023,Action,1,40,1035,76,580,259,76.1,2,5.8,5.56,85
101938,Moonlight Games,15,Mar,2018,Action,1,40,686,79,903,340,69.9,2,9.03,5.83,101
101939,Crystaldawn,15,Oct,2019,Puzzle,5,40,472,84,341,224,87.6,1,3.41,5.41,93
101940,Irongate Studios,12,Sep,2019,Action,1,40,977,82,768,320,83.4,2,7.68,5.77,102
101942,Thunderbyte,11,Dec,2019,RPG,2,40,336,83,903,62,66.1,1,9.03,4.13,107
101943,Crystaldawn,11,Dec,2023,Action,1,40,739,59,297,30,80.5,3,2.97,3.4,93
101944,Thunderbyte,31,Aug,2023,Action,1,40,322,65,779,110,72.2,2,7.79,4.7,107
101946,Irongate Studios,13,Apr,2021,Puzzle,5,40,545,99,378,84,77.5,3,3.78,4.43,102
101947,Irongate Studios,25,Nov,2021,Puzzle,5,40,361,88,521,500,85.3,1,5.21,6.21,102
101948,Thunderbyte,12,Oct,2020,Strategy,3,40,519,71,568,244,83.1,2,5.68,5.5,107
101951,Redkite,4,May,2022,Simulation,4,40,470,72,448,404,64,2,4.48,6,101
101952,Silverleaf,29,Oct,2022,Strategy,3,40,351,89,928,123,55.4,3,9.28,4.81,86
101954,Irongate Studios,10,Dec,2021,Simulation,4,40,606,74,273,329,62.1,1,2.73,5.8,102
101955,Silverleaf,1,Aug,2018,Simulation,4,40,456,80,365,315,43.7,2,3.65,5.75,86
101960,Thunderbyte,14,Dec,2022,Strategy,3,40,357,58,127,220,58.8,1,1.27,5.39,107
101962,Redkite,23,Sep,2023,Action,1,35.46,785,66,447,215,60.4,3,4.47,5.37,101
101967,Moonlight Games,22,Jan,2019,Action,1,40,622,65,997,465,56.1,3,9.97,6.14,101
101970,Pixelforge,15,Dec,2023,RPG,2,40,615,55,600,113,40.9,2,6,4.73,85
101971,Crystaldawn,10,Nov,2024,RPG,2,40,482,96,214,496,99.9,2,2.14,6.21,93
101973,Neon Arc,9,Jun,2019,RPG,2,40,546,68,327,78,77.1,2,3.27,4.36,77
101975,Crystaldawn,17,Oct,2021,Strategy,3,40,393,73,445,274,71,2,4.45,5.61,93
101977,Neon Arc,31,Jan,2022,RPG,2,40,535,53,281,448,67.8,3,2.81,6.1,77
101983,Irongate Studios,18,Feb,2019,Simulation,4,40,948,80,442,59,69.4,1,4.42,4.08,102
101985,Pixelforge,11,Jun,2022,RPG,2,40,272,74,181,166,51.2,3,1.81,5.11,85
101986,Neon Arc,13,Jul,2020,Puzzle,5,30.53,581,74,663,960,98.5,2,6.63,6.87,77
101988,Crystaldawn,12,Jul,2022,Action,1,40,282,68,351,330,58.3,1,3.51,5.8,93
101989,Irongate Studios,7,May,2019,Action,1,40,382,69,1144,243,49.7,1,11.44,5.49,102
101992,Crystaldawn,15,Dec,2023,Simulation,4,40,242,92,981,381,75.5,2,9.81,5.94,93
101994,Moonlight Games,6,Feb,2024,Puzzle,5,18.11,375,84,462,235,42.4,1,4.62,5.46,101
101996,Silverleaf,28,Jul,2018,Strategy,3,40,1073,67,400,200,95.2,1,4,5.3,86
101997,Neon Arc,10,Jul,2024,RPG,2,40,702,55,713,311,61.5,3,7.13,5.74,77
